https://sg.finance.yahoo.com/news/1-alphabet-kicks-off-product-170203216.html,0.35
https://sg.finance.yahoo.com/news/1-amazon-invest-1-3-061033443.html,0.73
https://sg.finance.yahoo.com/news/1-amazon-launches-online-shopping-090029271.html,0.67
https://sg.finance.yahoo.com/news/1-amazon-spend-nearly-9-042905001.html,0.67
https://sg.finance.yahoo.com/news/1-amazon-unveils-first-electric-001930645.html,0.43
https://sg.finance.yahoo.com/news/1-apple-supplier-foxconns-first-064146609.html,0.67
https://sg.finance.yahoo.com/news/1-biden-tout-3-3-125539946.html,0.43
https://sg.finance.yahoo.com/news/1-chipmaker-amd-narrowly-beats-203413888.html,-0.45
https://sg.finance.yahoo.com/news/1-eu-probe-meta-over-105625997.html,0.2
https://sg.finance.yahoo.com/news/1-facebook-instagram-eu-crosshairs-105949565.html,0.3
https://sg.finance.yahoo.com/news/1-google-us-clash-over-154826329.html,0.43
https://sg.finance.yahoo.com/news/1-malaysia-ask-meta-explain-075223870.html,0.25
https://sg.finance.yahoo.com/news/1-meta-faces-eu-investigation-130656580.html,0.25
https://sg.finance.yahoo.com/news/1-microsoft-asks-hundreds-china-043649686.html,0.2
https://sg.finance.yahoo.com/news/1-microsoft-hit-spanish-startups-163351111.html,0.35
https://sg.finance.yahoo.com/news/1-microsoft-readies-ai-model-144406956.html,0.5
https://sg.finance.yahoo.com/news/1-musks-x-corp-loses-171921106.html,0.35
https://sg.finance.yahoo.com/news/1-openai-begins-chatgpt-livestream-170205735.html,0.67
https://sg.finance.yahoo.com/news/1-openai-co-founder-ilya-233000519.html,0.23
https://sg.finance.yahoo.com/news/1-openai-plans-announce-google-232921213.html,0.45
https://sg.finance.yahoo.com/news/1-p-500-first-qtr-194527677.html,0.3
https://sg.finance.yahoo.com/news/1-rumble-sues-google-over-232238475.html,0.3
https://sg.finance.yahoo.com/news/1-us-lawmaker-probes-ftc-191137710.html,0.2
https://sg.finance.yahoo.com/news/1-us-lawmakers-unveil-bill-024101782.html,0.25
https://sg.finance.yahoo.com/news/1-us-opens-probe-alphabets-102645345.html,-0.43
https://sg.finance.yahoo.com/news/1-us-opens-probe-amazon-093427424.html,-0.43
https://sg.finance.yahoo.com/news/10-most-promising-stocks-buy-135004691.html,0.55
https://sg.finance.yahoo.com/news/10-stocks-american-politicians-buying-123914447.html,0.63
https://sg.finance.yahoo.com/news/11-hot-growth-stocks-buy-144944215.html,0.53
https://sg.finance.yahoo.com/news/11-stocks-that-mattered-most-this-earnings-season-133609642.html,0.45
https://sg.finance.yahoo.com/news/12-best-artificial-intelligence-stocks-234048862.html,0.67
https://sg.finance.yahoo.com/news/12-best-gig-economy-stocks-170755536.html,0.73
https://sg.finance.yahoo.com/news/12-best-growth-stocks-buy-161638899.html,0.65
https://sg.finance.yahoo.com/news/12-best-investments-beginners-2024-150000289.html,0.43
https://sg.finance.yahoo.com/news/12-best-large-cap-growth-150914010.html,0.53
https://sg.finance.yahoo.com/news/12-best-marketing-stocks-buy-233954725.html,0.55
https://sg.finance.yahoo.com/news/12-steps-finding-business-idea-110040134.html,0.57
https://sg.finance.yahoo.com/news/13-best-ethical-companies-invest-080124437.html,0.23
https://sg.finance.yahoo.com/news/13-best-growth-stocks-invest-215634187.html,0.72
https://sg.finance.yahoo.com/news/13-most-popular-retail-investor-155002573.html,0.45
https://sg.finance.yahoo.com/news/15-best-ark-stocks-buy-181816241.html,0.27
https://sg.finance.yahoo.com/news/15-best-places-retire-alabama-194747837.html,0.57
https://sg.finance.yahoo.com/news/15-countries-highest-average-salaries-140917285.html,0.73
https://sg.finance.yahoo.com/news/15-countries-highest-average-salaries-164711109.html,0.43
https://sg.finance.yahoo.com/news/15-jobs-demand-2030-142925021.html,0.56
https://sg.finance.yahoo.com/news/15-worst-states-us-135101064.html,0.2
https://sg.finance.yahoo.com/news/16-biggest-publicly-traded-ai-130202972.html,0.57
https://sg.finance.yahoo.com/news/2-amazon-replaces-cloud-unit-133731289.html,0.33
https://sg.finance.yahoo.com/news/2-retail-wholesale-stocks-could-130004747.html,0.43
https://sg.finance.yahoo.com/news/2-stocks-watch-challenging-computer-143800096.html,0.37
https://sg.finance.yahoo.com/news/20-best-ai-content-detectors-223255299.html,0.42
https://sg.finance.yahoo.com/news/23-most-profitable-stocks-last-113818389.html,0.42
https://sg.finance.yahoo.com/news/25-careers-most-job-security-142337504.html,0.2
https://sg.finance.yahoo.com/news/25-most-profitable-companies-us-162034677.html,0.65
https://sg.finance.yahoo.com/news/25-richest-billionaires-media-entertainment-125025222.html,0.24
https://sg.finance.yahoo.com/news/25-states-highest-lowest-resignation-172435464.html,0.33
https://sg.finance.yahoo.com/news/25-states-where-everyday-americans-131146174.html,0.45
https://sg.finance.yahoo.com/news/3-must-buy-stocks-buy-193400169.html,0.83
https://sg.finance.yahoo.com/news/3-reasons-growth-investors-love-164504359.html,0.83
https://sg.finance.yahoo.com/news/3-stocks-with-the-biggest-gains-took-aprils-biggest-losses-100011917.html,-0.2
https://sg.finance.yahoo.com/news/3-streaming-stocks-capitalizing-rising-133300479.html,0.37
https://sg.finance.yahoo.com/news/3-tech-stocks-buy-passive-200900392.html,0.7
https://sg.finance.yahoo.com/news/30-hardest-colleges-us-144520753.html,0.6
https://sg.finance.yahoo.com/news/30-highest-paid-jobs-occupations-143636843.html,0.35
https://sg.finance.yahoo.com/news/30-most-demand-jobs-us-201716721.html,-0.45
https://sg.finance.yahoo.com/news/4-best-etf-areas-last-170000092.html,0.57
https://sg.finance.yahoo.com/news/4-blue-chip-stocks-focus-130400181.html,0.83
https://sg.finance.yahoo.com/news/4-semiconductor-stocks-focus-sales-124800152.html,0.73
https://sg.finance.yahoo.com/news/4-semiconductor-stocks-likely-beat-123700370.html,0.73
https://sg.finance.yahoo.com/news/4-top-stocks-tap-nasdaqs-125000338.html,0.73
https://sg.finance.yahoo.com/news/5-big-analyst-ai-moves-033937607.html,0.7
https://sg.finance.yahoo.com/news/5-most-powerful-countries-world-175638657.html,0.7
https://sg.finance.yahoo.com/news/5-must-buy-high-flying-121600800.html,0.42
https://sg.finance.yahoo.com/news/5-stocks-driving-dows-market-151400683.html,0.67
https://sg.finance.yahoo.com/news/5-stocks-powering-dow-etf-151000751.html,0.83
https://sg.finance.yahoo.com/news/5-winners-q1-set-beat-112700776.html,0.73
https://sg.finance.yahoo.com/news/62-institutional-ownership-amazon-com-110021152.html,0.8
https://sg.finance.yahoo.com/news/73-ownership-shares-microsoft-corporation-110021747.html,0.67
https://sg.finance.yahoo.com/news/a-fed-meeting-jobs-report-and-more-big-tech-earnings-what-to-know-this-week-113643323.html,0.55
https://sg.finance.yahoo.com/news/a-surging-stock-market-may-not-need-a-catalyst--but-its-getting-one-100459469.html,0.73
https://sg.finance.yahoo.com/news/adtran-adtn-solution-boosts-high-162900331.html,0.42
https://sg.finance.yahoo.com/news/advanced-micro-devices-amd-beats-213012928.html,0.57
https://sg.finance.yahoo.com/news/advanced-micro-devices-amd-buy-153600520.html,0.5
https://sg.finance.yahoo.com/news/advanced-micro-devices-amd-expected-140110792.html,0.33
https://sg.finance.yahoo.com/news/advanced-micro-devices-first-quarter-122136808.html,0.43
https://sg.finance.yahoo.com/news/advanced-micro-devices-inc-amd-073128124.html,0.5
https://sg.finance.yahoo.com/news/advanced-micro-devices-inc-nasdaq-110013574.html,-0.23
https://sg.finance.yahoo.com/news/advanced-micro-devices-inc-nasdaq-110059538.html,0.33
https://sg.finance.yahoo.com/news/advanced-micro-devices-inc-nasdaq-195837429.html,0.72
https://sg.finance.yahoo.com/news/ai-boom-set-fuel-data-023458391.html,0.7
https://sg.finance.yahoo.com/news/ai-chip-darling-amd-struggles-to-impress-wall-street-this-earnings-season-151921644.html,0.35
https://sg.finance.yahoo.com/news/ai-chip-giant-nvidia-report-221002806.html,0.37
https://sg.finance.yahoo.com/news/ai-investments-are-showing-signs-of-a-payoff-but-the-price-is-steep-181413381.html,0.42
https://sg.finance.yahoo.com/news/ai-lying-scientists-warn-growing-150021713.html,-0.5
https://sg.finance.yahoo.com/news/ai-revolution-doorstep-tidal-wave-222745714.html,0.85
https://sg.finance.yahoo.com/news/ai-skills-could-boost-hong-040000123.html,0.53
https://sg.finance.yahoo.com/news/ai-world-gathers-seoul-accelerating-090003850.html,0.32
https://sg.finance.yahoo.com/news/ais-insatiable-energy-needs-boost-164300442.html,0.47
https://sg.finance.yahoo.com/news/akamai-akam-partners-ezdrm-expand-171700043.html,0.75
https://sg.finance.yahoo.com/news/akamai-akam-q1-earnings-beat-160000364.html,0.57
https://sg.finance.yahoo.com/news/alphabet-goog-incredible-growth-stock-164504781.html,0.67
https://sg.finance.yahoo.com/news/alphabet-googl-aids-android-users-171200119.html,0.43
https://sg.finance.yahoo.com/news/alphabet-googl-boosts-contacts-app-161700459.html,0.43
https://sg.finance.yahoo.com/news/alphabet-googl-boosts-google-tv-151300859.html,0.83
https://sg.finance.yahoo.com/news/alphabet-googl-commercialize-project-starline-153200937.html,0.73
https://sg.finance.yahoo.com/news/alphabet-inc-goog-best-jim-212844969.html,0.53
https://sg.finance.yahoo.com/news/alphabet-market-cap-tops-2-trillion-after-earnings-beat-dividend-announcement-092630401.html,0.85
https://sg.finance.yahoo.com/news/alphabet-spotlight-ai-innovations-developer-110000360.html,0.2
https://sg.finance.yahoo.com/news/alphabet-spotlight-ai-innovations-developer-110427860.html,0.55
https://sg.finance.yahoo.com/news/amazon-amd-gsk-aston-martin-trending-tickers-093224387.html,0.7
https://sg.finance.yahoo.com/news/amazon-amzn-q1-earnings-revenues-221506546.html,0.7
https://sg.finance.yahoo.com/news/amazon-amzn-q1-earnings-sales-161400690.html,0.83
https://sg.finance.yahoo.com/news/amazon-amzn-q1-earnings-taking-213003808.html,0.53
https://sg.finance.yahoo.com/news/amazon-aws-ceo-adam-selipsky-150424522.html,0.33
https://sg.finance.yahoo.com/news/amazon-axed-more-100-customer-004905633.html,0.35
https://sg.finance.yahoo.com/news/amazon-ceo-andy-jassy-embarrassing-105112893.html,0.7
https://sg.finance.yahoo.com/news/amazon-climbs-above-2021-highs-182800990.html,0.73
https://sg.finance.yahoo.com/news/amazon-com-amzn-outperforming-other-134010868.html,0.43
https://sg.finance.yahoo.com/news/amazon-com-amzn-reported-strong-130558697.html,0.83
https://sg.finance.yahoo.com/news/amazon-com-inc-amzn-attracting-130016689.html,0.5
https://sg.finance.yahoo.com/news/amazon-com-inc-amzn-hit-131506644.html,0.43
https://sg.finance.yahoo.com/news/amazon-com-inc-amzn-q1-073848682.html,0.83
https://sg.finance.yahoo.com/news/amazon-com-inc-amzn-trending-130016096.html,0.55
https://sg.finance.yahoo.com/news/amazon-com-inc-nasdaq-amzn-110034036.html,0.63
https://sg.finance.yahoo.com/news/amazon-com-inc-nasdaq-amzn-142248226.html,0.83
https://sg.finance.yahoo.com/news/amazon-com-inc-nasdaq-amzn-212323427.html,0.85
https://sg.finance.yahoo.com/news/amazon-com-inc-nasdaq-amzn-222957758.html,0.8
https://sg.finance.yahoo.com/news/amazon-com-may-feeling-pressure-100000755.html,0.33
https://sg.finance.yahoo.com/news/amazon-everyone-feared-161644951.html,0.6
https://sg.finance.yahoo.com/news/amazon-generative-ai-business-hit-003749277.html,0.83
https://sg.finance.yahoo.com/news/amazon-invest-1-3-billion-061325821.html,0.67
https://sg.finance.yahoo.com/news/amazon-launches-online-shopping-south-081246529.html,0.42
https://sg.finance.yahoo.com/news/amazon-reports-strong-1q-results-204513451.html,0.67
https://sg.finance.yahoo.com/news/amazon-sales-soar-boost-artificial-205700617.html,0.83
https://sg.finance.yahoo.com/news/amazon-says-invest-9-billion-045347134.html,0.65
https://sg.finance.yahoo.com/news/amazon-services-ceo-step-down-145042873.html,0.65
https://sg.finance.yahoo.com/news/amazon-services-undergoes-leadership-change-193439806.html,0.33
https://sg.finance.yahoo.com/news/amazon-shrugs-off-chinese-competition-205623571.html,0.67
https://sg.finance.yahoo.com/news/amazon-spend-9-billion-expand-030738922.html,0.43
https://sg.finance.yahoo.com/news/amazon-stock-pops-after-earnings-beat-201113306.html,0.73
https://sg.finance.yahoo.com/news/amazon-unveils-first-electric-seaport-180339844.html,0.72
https://sg.finance.yahoo.com/news/amazon-web-services-ceo-were-on-track-to-hit-100-billion-in-sales-in-2024-122551887.html,0.83
https://sg.finance.yahoo.com/news/amazons-cloud-unit-ceo-adam-selipsky-to-step-down-144328817.html,0.65
https://sg.finance.yahoo.com/news/amazons-cloud-unit-ceo-step-133307205.html,0.25
https://sg.finance.yahoo.com/news/amazons-smashing-q1-financials-show-150329689.html,0.73
https://sg.finance.yahoo.com/news/amd-beats-on-q1-revenue-and-eps-stock-edges-lower-on-light-guidance-202840712.html,0.2
https://sg.finance.yahoo.com/news/amd-failed-meet-lofty-expectations-180909619.html,0.23
https://sg.finance.yahoo.com/news/amd-positions-ai-leadership-expanded-145124711.html,0.63
https://sg.finance.yahoo.com/news/amd-q1-earnings-beat-estimates-155400494.html,0.37
https://sg.finance.yahoo.com/news/amd-samsung-partner-boos-mi350-164331874.html,0.43
https://sg.finance.yahoo.com/news/amd-stealing-spotlight-server-client-141511477.html,0.43
https://sg.finance.yahoo.com/news/amd-super-micro-tumble-earnings-112347776.html,-0.6
https://sg.finance.yahoo.com/news/amzn-cpng-better-value-stock-154013106.html,0.42
https://sg.finance.yahoo.com/news/analyst-projections-key-metrics-reveal-131510041.html,0.82
https://sg.finance.yahoo.com/news/another-streaming-bundle-comcasts-peacock-to-partner-with-netflix-apple-tv-141828658.html,0.55
https://sg.finance.yahoo.com/news/apple-aapl-stanley-druckenmiller-best-122217179.html,0.23
https://sg.finance.yahoo.com/news/apple-brings-eye-tracking-iphone-164515629.html,0.75
https://sg.finance.yahoo.com/news/apple-ceo-tim-cook-boasts-of-future-ai-plans-after-earnings-beat-214757677.html,0.4
https://sg.finance.yahoo.com/news/apple-disastrous-ipad-ad-mocked-144834332.html,0.35
https://sg.finance.yahoo.com/news/apple-inc-aapl-attracting-investor-130016542.html,0.57
https://sg.finance.yahoo.com/news/apple-inc-aapl-best-jim-214347283.html,0.23
https://sg.finance.yahoo.com/news/apple-promised-ai-plan-matters-103000974.html,0.35
https://sg.finance.yahoo.com/news/apple-reddit-jd-wetherspoon-toyota-arm-trending-tickers-084643285.html,0.3
https://sg.finance.yahoo.com/news/apple-says-privacy-core-value-155530044.html,-0.65
https://sg.finance.yahoo.com/news/apple-set-release-slimmer-iphone-180519872.html,0.35
https://sg.finance.yahoo.com/news/apple-slashes-iphone-prices-china-092211870.html,0.45
https://sg.finance.yahoo.com/news/apple-slashes-prices-iphone-15-093000009.html,0.55
https://sg.finance.yahoo.com/news/apples-ipad-event-was-an-ai-teaser-for-its-future-184058075.html,0.65
https://sg.finance.yahoo.com/news/apples-ipad-pro-is-its-most-incredible-product-but-software-holds-it-back-195926849.html,0.35
https://sg.finance.yahoo.com/news/asian-stocks-rise-china-stimulus-231708871.html,0.7
https://sg.finance.yahoo.com/news/asymmetric-opportunities-options-trade-top-174400191.html,0.83
https://sg.finance.yahoo.com/news/audiocodes-ltd-nasdaq-audc-q1-134213474.html,-0.35
https://sg.finance.yahoo.com/news/australia-targets-social-media-parliamentary-020500301.html,0.25
https://sg.finance.yahoo.com/news/baidu-bidu-report-q1-earnings-144100943.html,0.13
https://sg.finance.yahoo.com/news/bank-america-explains-why-not-125702959.html,0.3
https://sg.finance.yahoo.com/news/bet-top-5-technology-stocks-140200179.html,0.87
https://sg.finance.yahoo.com/news/biden-heads-wisconsin-laud-microsoft-093913272.html,0.5
https://sg.finance.yahoo.com/news/biden-makes-a-wisconsin-stop-to-tout-ai--and-troll-trumps-foxconn-flop-180739794.html,0.6
https://sg.finance.yahoo.com/news/biden-unveil-3-3-billion-093000492.html,0.7
https://sg.finance.yahoo.com/news/biden-unveil-3-3-billion-093315291.html,0.35
https://sg.finance.yahoo.com/news/big-short-investor-michael-burry-181433996.html,0.62
https://sg.finance.yahoo.com/news/big-tech-is-embracing-a-hallmark-of-pre-internet-stocks-100036451.html,0.67
https://sg.finance.yahoo.com/news/big-tech-pouring-billions-british-122143594.html,0.45
https://sg.finance.yahoo.com/news/big-tech-sees-neurotechnology-as-its-next-ai-frontier-100022978.html,0.67
https://sg.finance.yahoo.com/news/bill-gates-sells-microsoft-berkshire-192048032.html,0.43
https://sg.finance.yahoo.com/news/billionaire-ken-fisher-loves-10-200530508.html,0.6
https://sg.finance.yahoo.com/news/bob-iger-says-disney-is-dramatically-cutting-investment-in-traditional-tv-171707582.html,0.55
https://sg.finance.yahoo.com/news/boost-portfolio-top-computer-technology-130004137.html,0.63
https://sg.finance.yahoo.com/news/british-grocer-sainsburys-partners-microsoft-060423921.html,0.42
https://sg.finance.yahoo.com/news/british-microsoft-backed-self-driving-132135143.html,0.83
https://sg.finance.yahoo.com/news/bull-day-nvidia-nvda-080000798.html,0.83
https://sg.finance.yahoo.com/news/bull-day-super-micro-computer-092000654.html,0.67
https://sg.finance.yahoo.com/news/buy-advanced-micro-devices-amd-162000961.html,0.54
https://sg.finance.yahoo.com/news/buy-dip-semiconductor-stocks-etfs-150000759.html,0.21
https://sg.finance.yahoo.com/news/buy-snowflake-snow-stock-ahead-155900617.html,0.35
https://sg.finance.yahoo.com/news/buyers-scammed-amazon-facebook-ebay-050028317.html,-0.63
https://sg.finance.yahoo.com/news/buying-opportunity-ai-infrastructure-stock-165600950.html,0.83
https://sg.finance.yahoo.com/news/calculating-intrinsic-value-meta-platforms-110025945.html,0.53
https://sg.finance.yahoo.com/news/cerebras-systems-aleph-alpha-supply-130000484.html,0.4
https://sg.finance.yahoo.com/news/china-using-ai-news-anchors-070000223.html,-0.45
https://sg.finance.yahoo.com/news/chipmaker-amd-beats-first-quarter-202334383.html,0.42
https://sg.finance.yahoo.com/news/chubb-nvidia-microsoft-bt-easyjet-trending-tickers-084706025.html,0.45
https://sg.finance.yahoo.com/news/cogent-ccoi-q1-loss-wider-163400575.html,0.23
https://sg.finance.yahoo.com/news/company-news-may-14-2024-131100797.html,0.44
https://sg.finance.yahoo.com/news/computer-technology-stocks-lagging-commvault-134012588.html,0.71
https://sg.finance.yahoo.com/news/cryptocurrency-likely-resume-rally-4-125400786.html,0.7
https://sg.finance.yahoo.com/news/daily-mirror-owner-reach-sees-095317926.html,0.23
https://sg.finance.yahoo.com/news/datacenter-end-market-demand-aid-134000215.html,0.73
https://sg.finance.yahoo.com/news/dc-is-testing-its-big-tech-antitrust-campaign-far-from-dc-080007707.html,0.25
https://sg.finance.yahoo.com/news/dell-deepens-ai-push-pcs-180621535.html,0.33
https://sg.finance.yahoo.com/news/democratic-officials-criticize-meta-ad-192935239.html,-0.43
https://sg.finance.yahoo.com/news/does-reddits-rddt-openai-partnership-135300374.html,0.72
https://sg.finance.yahoo.com/news/doubleverify-holdings-inc-nyse-dv-193636027.html,0.5
https://sg.finance.yahoo.com/news/dow-at-40000-why-stocks-still-have-plenty-of-room-to-run-160152850.html,0.7
https://sg.finance.yahoo.com/news/dow-jones-nasdaq-p-500-074537748.html,0.42
https://sg.finance.yahoo.com/news/dows-40-000-way-3-123200887.html,0.7
https://sg.finance.yahoo.com/news/dropbox-dbx-q1-earnings-beat-153200293.html,0.43
https://sg.finance.yahoo.com/news/dxc-technology-dxc-report-q4-120600357.html,0.4
https://sg.finance.yahoo.com/news/e-commerce-witnessing-amazon-ification-110000742.html,0.55
https://sg.finance.yahoo.com/news/earn-500-month-meta-platforms-145208965.html,0.57
https://sg.finance.yahoo.com/news/econ-data-cools-ahead-nvidia-142100463.html,0.67
https://sg.finance.yahoo.com/news/elon-musk-expand-tesla-gigafactory-170054839.html,0.25
https://sg.finance.yahoo.com/news/elon-musk-mark-zuckerberg-never-183153877.html,0.2
https://sg.finance.yahoo.com/news/employees-secretly-bringing-own-ai-110933900.html,0.4
https://sg.finance.yahoo.com/news/employers-toggle-deployment-ai-workforce-140000020.html,0.67
https://sg.finance.yahoo.com/news/estimating-fair-value-advanced-micro-110147933.html,0.67
https://sg.finance.yahoo.com/news/etfs-tap-amazons-q1-earnings-140000449.html,0.82
https://sg.finance.yahoo.com/news/ether-bitcoin-open-asia-trading-070210366.html,0.4
https://sg.finance.yahoo.com/news/eu-court-adviser-backs-data-130401833.html,0.7
https://sg.finance.yahoo.com/news/eu-demands-clarity-microsoft-ai-103554148.html,0.3
https://sg.finance.yahoo.com/news/eu-investigate-meta-over-election-141029859.html,0.3
https://sg.finance.yahoo.com/news/eu-investigates-facebook-owner-meta-100008953.html,-0.43
https://sg.finance.yahoo.com/news/eu-investigates-meta-over-fears-144158604.html,-0.33
https://sg.finance.yahoo.com/news/eu-pressuring-meta-due-fears-114253493.html,0.4
https://sg.finance.yahoo.com/news/exclusive-microsoft-hit-spanish-startups-073345264.html,0.35
https://sg.finance.yahoo.com/news/explainer-dependent-china-us-artificial-102511134.html,0.43
https://sg.finance.yahoo.com/news/explainer-risks-advanced-ai-models-025235135.html,0.25
https://sg.finance.yahoo.com/news/explainer-risks-advanced-ai-models-233759082.html,0.5
https://sg.finance.yahoo.com/news/f5-ffiv-portfolio-ahead-q2-124800398.html,0.83
https://sg.finance.yahoo.com/news/facebook-instagram-eu-crosshairs-suspected-100000580.html,-0.43
https://sg.finance.yahoo.com/news/facebook-instagram-eu-crosshairs-suspected-100555512.html,-0.53
https://sg.finance.yahoo.com/news/facebook-instagram-face-european-union-111336846.html,0.05
https://sg.finance.yahoo.com/news/facebook-instagram-face-fresh-scrutiny-113554821.html,-0.55
https://sg.finance.yahoo.com/news/facebook-instagram-probed-over-fears-125400922.html,-0.7
https://sg.finance.yahoo.com/news/facebook-owner-faces-eu-investigation-165402217.html,-0.5
https://sg.finance.yahoo.com/news/facebook-supreme-court-investigate-river-144327060.html,-0.45
https://sg.finance.yahoo.com/news/figma-sets-12-5b-valuation-144430435.html,0.3
https://sg.finance.yahoo.com/news/first-mover-americas-btc-eth-120933953.html,0.43
https://sg.finance.yahoo.com/news/five-good-bad-ugly-082816462.html,0.55
https://sg.finance.yahoo.com/news/focus-huawei-flagship-store-surge-010000778.html,0.7
https://sg.finance.yahoo.com/news/focus-livestream-shopping-thwarts-high-100000054.html,0.22
https://sg.finance.yahoo.com/news/forget-iphone-4-reasons-bet-170000807.html,0.33
https://sg.finance.yahoo.com/news/forget-meta-led-slump-3-120000624.html,0.43
https://sg.finance.yahoo.com/news/france-bags-16-billion-investment-113052731.html,0.83
https://sg.finance.yahoo.com/news/frances-mistral-ai-nears-deal-081046553.html,0.73
https://sg.finance.yahoo.com/news/fraud-rife-secondhand-marketplaces-depop-040039698.html,-0.43
https://sg.finance.yahoo.com/news/futures-fall-chip-stocks-drag-100706234.html,0.24
https://sg.finance.yahoo.com/news/futures-inch-fed-minutes-nvidia-101917201.html,0.43
https://sg.finance.yahoo.com/news/futures-muted-palo-alto-networks-034234649.html,0.4
https://sg.finance.yahoo.com/news/gaza-protesters-block-entrance-google-185207380.html,-0.3
https://sg.finance.yahoo.com/news/gen-zers-could-swipe-millennials-120000162.html,0.42
https://sg.finance.yahoo.com/news/global-markets-equities-fall-amid-190423138.html,-0.3
https://sg.finance.yahoo.com/news/global-markets-stocks-struggle-meta-134610150.html,-0.4
https://sg.finance.yahoo.com/news/global-markets-tepid-economic-data-153550357.html,0.3
https://sg.finance.yahoo.com/news/gold-ryanair-nvidia-astrazeneca-trending-tickers-095235913.html,0.7
https://sg.finance.yahoo.com/news/google-ai-updates-direct-response-191357643.html,0.5
https://sg.finance.yahoo.com/news/google-ai-updates-mean-everyday-014546977.html,0.7
https://sg.finance.yahoo.com/news/google-apple-microsoft-products-friendlier-144738151.html,0.62
https://sg.finance.yahoo.com/news/google-backed-anthropic-releases-claude-233122712.html,0.27
https://sg.finance.yahoo.com/news/google-boss-cautiously-optimistic-protecting-010306700.html,0.67
https://sg.finance.yahoo.com/news/google-briefly-lost-ownership-domain-160018662.html,0.65
https://sg.finance.yahoo.com/news/google-debuts-a-slew-of-generative-ai-features-as-fight-with-rivals-openai-microsoft-and-apple-heats-up-175635303.html,0.6
https://sg.finance.yahoo.com/news/google-fights-17-billion-uk-150453165.html,0.27
https://sg.finance.yahoo.com/news/google-fights-17-bln-uk-150045070.html,0.25
https://sg.finance.yahoo.com/news/google-invests-1-billion-euros-103031980.html,0.63
https://sg.finance.yahoo.com/news/google-is-reinventing-itself-for-the-ai-age-175458095.html,0.4
https://sg.finance.yahoo.com/news/google-launches-trillium-chip-improving-174358972.html,0.75
https://sg.finance.yahoo.com/news/google-o-shows-why-search-152645165.html,0.65
https://sg.finance.yahoo.com/news/google-o-tech-conference-expected-014519834.html,0.43
https://sg.finance.yahoo.com/news/google-owner-valued-2-trillion-205632975.html,0.73
https://sg.finance.yahoo.com/news/google-parent-alphabet-eyes-hubspot-152731371.html,0.43
https://sg.finance.yahoo.com/news/google-rebuilds-search-engine-around-184709666.html,0.75
https://sg.finance.yahoo.com/news/google-remains-focused-long-quest-120035620.html,0.3
https://sg.finance.yahoo.com/news/google-rolls-ai-generated-summarized-183526716.html,0.62
https://sg.finance.yahoo.com/news/google-search-gets-biggest-overhaul-in-years-with-new-generative-ai-features-175541883.html,0.53
https://sg.finance.yahoo.com/news/google-seeks-non-jury-trial-010220905.html,0.23
https://sg.finance.yahoo.com/news/google-self-driving-cars-investigated-135123126.html,-0.53
https://sg.finance.yahoo.com/news/google-shows-off-astonishing-vision-194436133.html,0.83
https://sg.finance.yahoo.com/news/google-stares-down-largest-tech-202125309.html,0.45
https://sg.finance.yahoo.com/news/google-tackles-phone-theft-safety-170000578.html,0.73
https://sg.finance.yahoo.com/news/google-unveils-project-astra-chatbot-172004773.html,0.67
https://sg.finance.yahoo.com/news/google-wants-judge-not-jury-223727696.html,0.25
https://sg.finance.yahoo.com/news/googles-1-1b-boost-finnish-155809461.html,0.67
https://sg.finance.yahoo.com/news/googles-unleashes-ai-search-raising-175515865.html,0.4
https://sg.finance.yahoo.com/news/groupon-grpn-q1-earnings-revenues-143100508.html,0.44
https://sg.finance.yahoo.com/news/growth-investor-1-stock-could-134510912.html,0.73
https://sg.finance.yahoo.com/news/hedge-fund-coatue-scraps-apple-232602319.html,-0.23
https://sg.finance.yahoo.com/news/heres-1-big-investing-mistake-you-are-probably-still-making-003020722.html,0.67
https://sg.finance.yahoo.com/news/heres-10-analysts-netflix-ad-135506086.html,0.7
https://sg.finance.yahoo.com/news/heres-key-metrics-tell-us-220007025.html,0.53
https://sg.finance.yahoo.com/news/heres-much-youd-invested-1000-123005690.html,0.63
https://sg.finance.yahoo.com/news/heres-why-advanced-micro-devices-214517400.html,0.11
https://sg.finance.yahoo.com/news/heres-why-amazon-amzn-strong-134010930.html,0.73
https://sg.finance.yahoo.com/news/heres-why-amazon-amzn-strong-134509062.html,0.67
https://sg.finance.yahoo.com/news/heres-why-investors-seem-hesitant-101833984.html,0.15
https://sg.finance.yahoo.com/news/heres-why-meta-platforms-meta-134505063.html,0.73
https://sg.finance.yahoo.com/news/heres-why-nvidia-nvda-strong-134510784.html,0.83
https://sg.finance.yahoo.com/news/heres-why-think-microsoft-nasdaq-130119438.html,0.57
https://sg.finance.yahoo.com/news/how-big-tech-is-paying-for-its-ai-bets-morning-brief-100058866.html,0.62
https://sg.finance.yahoo.com/news/huawei-flagship-store-surge-china-010237357.html,0.57
https://sg.finance.yahoo.com/news/hype-reality-ai-reshapes-pharmaceutical-204935555.html,0.63
https://sg.finance.yahoo.com/news/ibm-ceo-arvind-krishna-why-the-economy-has-slowed-and-how-ai-is-benefiting-220239991.html,0.42
https://sg.finance.yahoo.com/news/indias-redington-posts-5-rise-150715767.html,0.43
https://sg.finance.yahoo.com/news/inquiry-child-sexual-abuse-meta-200347635.html,-0.83
https://sg.finance.yahoo.com/news/instagram-youtube-biggest-likely-winners-001623752.html,0.65
https://sg.finance.yahoo.com/news/intel-ceo-confident-in-its-ai-future-after-posting-soft-guidance-182743543.html,-0.55
https://sg.finance.yahoo.com/news/intel-earnings-135825817.html,0.43
https://sg.finance.yahoo.com/news/intels-venture-japan-pioneering-automation-203605520.html,0.42
https://sg.finance.yahoo.com/news/intuit-intu-report-q3-earnings-163400209.html,0.21
https://sg.finance.yahoo.com/news/invest-amazon-amzn-based-bullish-133009697.html,0.42
https://sg.finance.yahoo.com/news/investigate-alphabet-inc-nasdaq-googl-120018484.html,0.42
https://sg.finance.yahoo.com/news/investigation-child-exploitation-meta-platforms-165047596.html,-0.53
https://sg.finance.yahoo.com/news/investors-heavily-search-advanced-micro-130014956.html,0.35
https://sg.finance.yahoo.com/news/investors-heavily-search-microsoft-corporation-130014506.html,0.43
https://sg.finance.yahoo.com/news/ipad-air-m2-review-cheaper-060005519.html,0.7
https://sg.finance.yahoo.com/news/ipad-pro-m4-review-ludicrously-060034881.html,0.67
https://sg.finance.yahoo.com/news/jd-com-jd-report-q1-162700642.html,0.27
https://sg.finance.yahoo.com/news/jeff-bezos-mom-single-teen-184512984.html,0.8
https://sg.finance.yahoo.com/news/jeff-bezos-most-outrageous-business-150002995.html,0.67
https://sg.finance.yahoo.com/news/jeff-bezos-revealed-secret-amazon-225933347.html,0.3
https://sg.finance.yahoo.com/news/jim-cramer-latest-stock-picks-133230133.html,0.6
https://sg.finance.yahoo.com/news/jim-cramer-says-hang-stocks-160130517.html,0.7
https://sg.finance.yahoo.com/news/jpmorgan-nvidia-johnson-controls-rise-073321571.html,0.55
https://sg.finance.yahoo.com/news/judge-dismisses-meta-shareholder-lawsuit-225812058.html,0.24
https://sg.finance.yahoo.com/news/just-not-hitting-used-tiktok-120010931.html,0.25
https://sg.finance.yahoo.com/news/kevin-o-leary-stock-portfolio-150244693.html,0.45
https://sg.finance.yahoo.com/news/key-announcements-google-o-conference-204028462.html,0.7
https://sg.finance.yahoo.com/news/know-beyond-why-advanced-micro-130016029.html,0.45
https://sg.finance.yahoo.com/news/know-beyond-why-alphabet-inc-130015003.html,0.65
https://sg.finance.yahoo.com/news/lawsuit-against-meta-asks-facebook-184714872.html,0.25
https://sg.finance.yahoo.com/news/livestream-shopping-thwarts-high-tech-100334138.html,0.3
https://sg.finance.yahoo.com/news/logitech-logi-report-q4-earnings-124600716.html,0.25
https://sg.finance.yahoo.com/news/looking-top-momentum-pick-why-160011652.html,0.57
https://sg.finance.yahoo.com/news/low-data-week-commences-pre-144900236.html,0.67
https://sg.finance.yahoo.com/news/magnificent-7-term-needs-retired-053955592.html,0.45
https://sg.finance.yahoo.com/news/malaysia-ask-meta-explain-removal-075512761.html,-0.2
https://sg.finance.yahoo.com/news/mark-zuckerbergs-net-worth-grew-160229794.html,0.42
https://sg.finance.yahoo.com/news/market-awaits-comments-key-fed-145300810.html,0.45
https://sg.finance.yahoo.com/news/markets-brace-for-nvidia-earnings-what-to-know-this-week-130053537.html,0.85
https://sg.finance.yahoo.com/news/mcdonald-apple-tesla-t-bet-020458413.html,-0.43
https://sg.finance.yahoo.com/news/melinda-french-gates-became-one-095759042.html,0.67
https://sg.finance.yahoo.com/news/melinda-french-gates-resigning-63-163858157.html,0.4
https://sg.finance.yahoo.com/news/melinda-gates-quits-gates-foundation-173923208.html,0.55
https://sg.finance.yahoo.com/news/meta-defends-risk-mitigating-process-102225031.html,0.3
https://sg.finance.yahoo.com/news/meta-expand-ai-image-generation-200134848.html,0.25
https://sg.finance.yahoo.com/news/meta-exploring-ai-assisted-earbuds-165424513.html,0.45
https://sg.finance.yahoo.com/news/meta-faces-eu-investigation-over-100544271.html,-0.4
https://sg.finance.yahoo.com/news/meta-investors-worried-billions-spending-193534983.html,0.25
https://sg.finance.yahoo.com/news/meta-netflix-face-post-earnings-200300146.html,0.75
https://sg.finance.yahoo.com/news/meta-platforms-bought-time-long-154934660.html,0.45
https://sg.finance.yahoo.com/news/meta-platforms-first-quarter-2024-120600785.html,0.83
https://sg.finance.yahoo.com/news/meta-platforms-inc-beat-analyst-130702460.html,0.47
https://sg.finance.yahoo.com/news/meta-platforms-inc-meta-attracting-130015547.html,0.33
https://sg.finance.yahoo.com/news/meta-platforms-inc-nasdaq-meta-130843596.html,0.62
https://sg.finance.yahoo.com/news/meta-platforms-insiders-sell-us-140105470.html,-0.35
https://sg.finance.yahoo.com/news/meta-platforms-meta-q1-earnings-163300492.html,0.35
https://sg.finance.yahoo.com/news/meta-platforms-nasdaq-meta-best-115641736.html,0.83
https://sg.finance.yahoo.com/news/meta-platforms-nasdaq-meta-could-120026554.html,0.65
https://sg.finance.yahoo.com/news/meta-platforms-nasdaq-meta-sheds-110018439.html,0.45
https://sg.finance.yahoo.com/news/meta-restores-facebook-posts-malaysian-031339272.html,0.42
https://sg.finance.yahoo.com/news/meta-seeks-redemption-2024-botching-094400996.html,0.67
https://sg.finance.yahoo.com/news/meta-shut-workplace-app-focus-173304031.html,0.3
https://sg.finance.yahoo.com/news/meta-sinks-weak-outlook-despite-135000542.html,0.25
https://sg.finance.yahoo.com/news/meta-stock-plunges-aggressive-ai-100035424.html,-0.6
https://sg.finance.yahoo.com/news/meta-value-falls-190bn-investors-140034517.html,-0.33
https://sg.finance.yahoo.com/news/metas-ai-spending-tests-facebooks-growth-first-playbook-100045930.html,0.25
https://sg.finance.yahoo.com/news/metas-oversight-board-backs-takedown-120548513.html,0.35
https://sg.finance.yahoo.com/news/metas-zuckerberg-cant-calm-wall-streets-nerves-on-ai-spending-stock-falls-10-180129766.html,0.1
https://sg.finance.yahoo.com/news/michael-burry-selling-stocks-2024-171704858.html,-0.43
https://sg.finance.yahoo.com/news/microsoft-asks-china-based-ai-093000213.html,0.2
https://sg.finance.yahoo.com/news/microsoft-asks-employees-china-move-125513432.html,0.35
https://sg.finance.yahoo.com/news/microsoft-asks-hundreds-china-based-041944118.html,0.1
https://sg.finance.yahoo.com/news/microsoft-build-ai-hub-previously-093128546.html,0.45
https://sg.finance.yahoo.com/news/microsoft-ceo-satya-nadella-facing-094722597.html,0.6
https://sg.finance.yahoo.com/news/microsoft-corporation-msft-continues-execute-124606716.html,0.73
https://sg.finance.yahoo.com/news/microsoft-corporation-nasdaq-msft-best-164343928.html,0.72
https://sg.finance.yahoo.com/news/microsoft-creates-top-secret-ai-171015430.html,0.2
https://sg.finance.yahoo.com/news/microsoft-debuts-new-copilot-pcs-using-openais-gpt-4o-while-taking-shots-at-apple-180409406.html,0.6
https://sg.finance.yahoo.com/news/microsoft-hit-242-million-us-211300680.html,-0.33
https://sg.finance.yahoo.com/news/microsoft-investing-billions-ai-using-122512702.html,0.67
https://sg.finance.yahoo.com/news/microsoft-leads-magnificent-7-reddit-145140471.html,0.7
https://sg.finance.yahoo.com/news/microsoft-makes-ai-pitch-copilot-191836254.html,0.73
https://sg.finance.yahoo.com/news/microsoft-offers-cloud-customers-amd-024412846.html,0.5
https://sg.finance.yahoo.com/news/microsoft-openai-becoming-full-frenemies-173939431.html,-0.33
https://sg.finance.yahoo.com/news/microsoft-plans-release-next-call-132647240.html,0.35
https://sg.finance.yahoo.com/news/microsoft-pledges-4-3-billion-131745047.html,0.7
https://sg.finance.yahoo.com/news/microsoft-readies-ai-model-compete-144733979.html,0.2
https://sg.finance.yahoo.com/news/microsoft-shakes-xbox-division-closes-152122787.html,-0.25
https://sg.finance.yahoo.com/news/microsoft-shut-africa-development-centre-192513887.html,-0.43
https://sg.finance.yahoo.com/news/microsoft-unveil-ai-devices-features-100141507.html,0.53
https://sg.finance.yahoo.com/news/microsoft-unveil-surface-devices-redmond-180340234.html,0.42
https://sg.finance.yahoo.com/news/microsoft-unveils-amd-powered-ai-120531968.html,0.6
https://sg.finance.yahoo.com/news/microsofts-ai-ambition-data-center-165718142.html,0.47
https://sg.finance.yahoo.com/news/microsofts-ai-chatbot-recall-everything-185736872.html,0.25
https://sg.finance.yahoo.com/news/microsofts-xbox-shuts-multiple-studios-173130951.html,-0.42
https://sg.finance.yahoo.com/news/midday-movers-walmart-chubb-trade-115402375.html,0.4
https://sg.finance.yahoo.com/news/mirror-publisher-suffers-hit-facebook-080042360.html,-0.5
https://sg.finance.yahoo.com/news/momentum-investor-1-stock-could-135010228.html,0.73
https://sg.finance.yahoo.com/news/monday-com-mndy-report-q1-112900694.html,0.43
https://sg.finance.yahoo.com/news/morning-bid-buoyant-start-nvidia-100436124.html,0.7
https://sg.finance.yahoo.com/news/most-talented-high-ranking-workers-160212454.html,0.43
https://sg.finance.yahoo.com/news/movement-labs-raises-38m-rollup-144632208.html,0.35
https://sg.finance.yahoo.com/news/netflix-nflx-releases-trailer-latest-155300782.html,0.73
https://sg.finance.yahoo.com/news/netflix-strikes-three-season-nfl-deal-will-air-two-games-this-year-142733733.html,0.57
https://sg.finance.yahoo.com/news/netflixs-nfl-deal-highlights-streamers-natural-evolution-as-sports-rights-take-center-stage-080037882.html,0.4
https://sg.finance.yahoo.com/news/news-facebook-dead-memes-replace-150012466.html,-0.42
https://sg.finance.yahoo.com/news/news-publishers-sound-alarm-google-110423634.html,-0.7
https://sg.finance.yahoo.com/news/next-ai-bull-run-just-160200870.html,0.85
https://sg.finance.yahoo.com/news/nice-q1-earnings-top-estimates-140500803.html,0.73
https://sg.finance.yahoo.com/news/nvidia-corp-nvda-best-jim-213547438.html,0.45
https://sg.finance.yahoo.com/news/nvidia-corp-nvda-stanley-druckenmiller-120703035.html,0.53
https://sg.finance.yahoo.com/news/nvidia-earnings-could-spark-200-050209987.html,0.43
https://sg.finance.yahoo.com/news/nvidia-earnings-loom-closer-look-192500552.html,0.73
https://sg.finance.yahoo.com/news/nvidia-earnings-preview-heres-citi-045443241.html,0.67
https://sg.finance.yahoo.com/news/nvidia-earnings-superbowl-ai-video-195000985.html,0.85
https://sg.finance.yahoo.com/news/nvidia-earnings-wednesday-dictate-trading-140800888.html,0.73
https://sg.finance.yahoo.com/news/nvidia-etfs-buy-ahead-q1-161500070.html,0.7
https://sg.finance.yahoo.com/news/nvidia-marks-spencer-ryanair-uk-inflation-stocks-watch-124311583.html,0.7
https://sg.finance.yahoo.com/news/nvidia-nvda-2-89-one-160010289.html,0.73
https://sg.finance.yahoo.com/news/nvidia-nvda-earnings-expected-grow-140008016.html,0.42
https://sg.finance.yahoo.com/news/nvidia-nvda-enhances-capabilities-supercomputing-163500210.html,0.83
https://sg.finance.yahoo.com/news/nvidia-nvda-outperforming-other-computer-134011610.html,0.83
https://sg.finance.yahoo.com/news/nvidia-nvda-portfolio-ahead-q1-115700238.html,0.83
https://sg.finance.yahoo.com/news/nvidia-nvda-rises-market-takes-214514945.html,0.43
https://sg.finance.yahoo.com/news/nvidia-nvda-solid-growth-stock-164506886.html,0.67
https://sg.finance.yahoo.com/news/nvidia-options-cost-earnings-132814198.html,0.23
https://sg.finance.yahoo.com/news/nvidia-peabody-energy-highlighted-zacks-122500876.html,0.81
https://sg.finance.yahoo.com/news/nvidias-market-value-nears-2-141842143.html,0.57
https://sg.finance.yahoo.com/news/online-retail-etf-onln-hits-132200275.html,0.67
https://sg.finance.yahoo.com/news/onsemi-report-q1-earnings-whats-163600081.html,0.17
https://sg.finance.yahoo.com/news/openai-announce-chatgpt-product-improvements-090000472.html,0.33
https://sg.finance.yahoo.com/news/openai-announce-chatgpt-product-improvements-090418859.html,0.67
https://sg.finance.yahoo.com/news/openai-considers-allowing-users-create-134451289.html,-0.4
https://sg.finance.yahoo.com/news/openai-google-lean-ai-personal-174640861.html,0.42
https://sg.finance.yahoo.com/news/openai-gpt-4o-model-offers-180000533.html,0.67
https://sg.finance.yahoo.com/news/openai-launch-tool-detect-images-133654112.html,0.2
https://sg.finance.yahoo.com/news/openai-leap-forward-human-ai-150259365.html,0.57
https://sg.finance.yahoo.com/news/openai-plans-announce-google-search-215010918.html,0.35
https://sg.finance.yahoo.com/news/openai-plans-announce-google-search-215218145.html,0.57
https://sg.finance.yahoo.com/news/openai-unveils-newest-ai-model-193844539.html,0.73
https://sg.finance.yahoo.com/news/oracle-orcl-expand-r-d-121600660.html,0.72
https://sg.finance.yahoo.com/news/oracle-orcl-signs-deal-choice-123100097.html,0.45
https://sg.finance.yahoo.com/news/palo-alto-panw-report-q3-124200951.html,0.75
https://sg.finance.yahoo.com/news/paypal-holding-ground-amid-clash-214029685.html,0.42
https://sg.finance.yahoo.com/news/pinterest-ceo-says-the-platform-uses-ai-to-generate-positivity-213231911.html,0.7
https://sg.finance.yahoo.com/news/play-likely-earnings-beat-5-115200608.html,0.65
https://sg.finance.yahoo.com/news/play-nvidia-earnings-bullish-etfs-194300123.html,0.57
https://sg.finance.yahoo.com/news/possible-bearish-signals-advanced-micro-110016583.html,0.23
https://sg.finance.yahoo.com/news/press-digest-wall-street-journal-042406701.html,0.05
https://sg.finance.yahoo.com/news/press-digest-wall-street-journal-052403830.html,0.15
https://sg.finance.yahoo.com/news/press-digest-wall-street-journal-074900458.html,0.2
https://sg.finance.yahoo.com/news/q1-2024-yeti-holdings-inc-035552176.html,0.3
https://sg.finance.yahoo.com/news/qualcomm-is-coming-for-intels-biggest-market-pcs-010007040.html,0.67
https://sg.finance.yahoo.com/news/ray-dalios-firm-amplifies-stake-190100879.html,0.53
https://sg.finance.yahoo.com/news/red-yellow-green-white-smarter-041315522.html,0.45
https://sg.finance.yahoo.com/news/reddit-is-maturing-as-a-company-ceo-says-182801293.html,0.73
https://sg.finance.yahoo.com/news/results-amazon-com-inc-exceeded-131849463.html,0.73
https://sg.finance.yahoo.com/news/retail-earnings-closer-look-205700070.html,0.44
https://sg.finance.yahoo.com/news/retail-earnings-loom-expect-224100802.html,0.57
https://sg.finance.yahoo.com/news/rfk-jr-super-pac-sue-190344259.html,0.3
https://sg.finance.yahoo.com/news/rivian-reports-mixed-q1-results-but-trims-capex-forecast-and-sees-q4-gross-profit-201145906.html,0.27
https://sg.finance.yahoo.com/news/robust-financials-driving-recent-rally-110028401.html,0.73
https://sg.finance.yahoo.com/news/rpt-1-openai-plans-announce-113535934.html,0.3
https://sg.finance.yahoo.com/news/rpt-amazon-com-may-feeling-115339619.html,0.3
https://sg.finance.yahoo.com/news/rumble-sues-google-over-digital-232943897.html,0.23
https://sg.finance.yahoo.com/news/sainsbury-microsoft-ai-tools-help-134743471.html,0.72
https://sg.finance.yahoo.com/news/satya-nadella-far-sighted-bets-093000489.html,0.62
https://sg.finance.yahoo.com/news/satya-nadella-transformed-microsoft-culture-195843116.html,0.65
https://sg.finance.yahoo.com/news/sea-limited-se-report-q1-144500342.html,0.43
https://sg.finance.yahoo.com/news/several-wall-street-brokers-raise-064452376.html,0.75
https://sg.finance.yahoo.com/news/shareholders-optimistic-meta-platforms-nasdaq-234747443.html,0.73
https://sg.finance.yahoo.com/news/single-night-self-driving-startup-120000619.html,-0.52
https://sg.finance.yahoo.com/news/smaller-social-platforms-adding-tiktok-165433610.html,0.25
https://sg.finance.yahoo.com/news/snap-finally-advances-ad-front-183458951.html,0.73
https://sg.finance.yahoo.com/news/solid-client-datacenter-aid-amds-171800125.html,0.74
https://sg.finance.yahoo.com/news/sony-had-good-q4-game-161152576.html,0.25
https://sg.finance.yahoo.com/news/stock-market-today-asian-benchmarks-072155652.html,0.75
https://sg.finance.yahoo.com/news/stock-markets-apple-amazon-meta-tesla-shares-105604677.html,0.45
https://sg.finance.yahoo.com/news/strong-buy-computer-technology-stocks-134002639.html,0.67
https://sg.finance.yahoo.com/news/super-micro-computer-gamestop-highlighted-124200690.html,0.62
https://sg.finance.yahoo.com/news/surprise-coming-advanced-micro-devices-135200386.html,0.83
https://sg.finance.yahoo.com/news/synopsys-snps-report-q2-earnings-133500491.html,0.73
https://sg.finance.yahoo.com/news/t-blame-investors-being-skeptical-145306541.html,-0.33
https://sg.finance.yahoo.com/news/t-mobile-tmus-5g-enhance-163200864.html,0.54
https://sg.finance.yahoo.com/news/tanking-profit-overshadowed-alibabas-ai-150516272.html,0.23
https://sg.finance.yahoo.com/news/tech-earnings-season-is-coming-and-ai-is-top-of-mind-201132120.html,0.7
https://sg.finance.yahoo.com/news/tech-platforms-pitch-ad-deals-164317541.html,0.3
https://sg.finance.yahoo.com/news/tesla-and-microsoft-presented-2-distinct-versions-of-ai-investors-liked-both-120001115.html,0.5
https://sg.finance.yahoo.com/news/tesla-surges-64bn-elon-musk-172413854.html,0.43
https://sg.finance.yahoo.com/news/the-ai-trade-is-back-as-confidence-in-big-tech-surges-160013297.html,0.83
https://sg.finance.yahoo.com/news/the-biggest-risk-to-investing-in-magnificent-7-stocks-like-nvidia-and-amazon-according-to-top-ceos-100015572.html,0.65
https://sg.finance.yahoo.com/news/the-challenges-facing-tiktok-as-it-confronts-the-us-in-court-205645987.html,0.3
https://sg.finance.yahoo.com/news/the-ending-of-googles-monopoly-trial-has-silicon-valley-on-edge-113835464.html,0.4
https://sg.finance.yahoo.com/news/the-streaming-wars-are-over-morning-brief-100018167.html,0.67
https://sg.finance.yahoo.com/news/these-3-stocks-are-poised-to-benefit-from-the-massive-energy-transition-080042965.html,0.83
https://sg.finance.yahoo.com/news/these-stocks-ripped-even-higher-than-gamestop-in-the-meme-rally-165649464.html,0.55
https://sg.finance.yahoo.com/news/tiktok-creators-file-suit-block-190000637.html,0.2
https://sg.finance.yahoo.com/news/tiktok-label-ai-generated-images-120000019.html,0.55
https://sg.finance.yahoo.com/news/time-apple-buy-not-build-153639459.html,-0.3
https://sg.finance.yahoo.com/news/time-buy-amazon-amzn-stock-232000670.html,0.82
https://sg.finance.yahoo.com/news/time-buy-nvidias-stock-q1-235600989.html,0.83
https://sg.finance.yahoo.com/news/time-cloud-etfs-earnings-strength-120000396.html,0.73
https://sg.finance.yahoo.com/news/top-20-tech-companies-silicon-143632204.html,0.42
https://sg.finance.yahoo.com/news/top-25-stocks-p-500-161144848.html,0.55
https://sg.finance.yahoo.com/news/top-3-blue-chip-picks-120700002.html,0.7
https://sg.finance.yahoo.com/news/top-5-things-watch-markets-053434711.html,0.65
https://sg.finance.yahoo.com/news/top-research-reports-microsoft-eli-192900696.html,0.35
https://sg.finance.yahoo.com/news/top-stock-picks-week-may-213100355.html,0.83
https://sg.finance.yahoo.com/news/top-stock-reports-amazon-com-215400140.html,0.42
https://sg.finance.yahoo.com/news/trending-stock-alphabet-inc-goog-130015472.html,0.67
https://sg.finance.yahoo.com/news/trending-stock-meta-platforms-inc-130014229.html,0.25
https://sg.finance.yahoo.com/news/tripadvisor-trip-q1-earnings-revenues-154500260.html,0.5
https://sg.finance.yahoo.com/news/turkeys-competition-board-fine-meta-141605736.html,-0.17
https://sg.finance.yahoo.com/news/turkish-competition-board-fines-google-074040217.html,0.05
https://sg.finance.yahoo.com/news/tv-companies-flaunt-ad-tech-100343781.html,0.45
https://sg.finance.yahoo.com/news/tv-upfront-presentations-clouded-digital-100351502.html,0.33
https://sg.finance.yahoo.com/news/tyler-tyl-equips-fdc-digital-153200641.html,0.73
https://sg.finance.yahoo.com/news/u-futures-inch-higher-nvidia-035503347.html,0.4
https://sg.finance.yahoo.com/news/ubiquiti-ui-q3-earnings-miss-124600959.html,0.33
https://sg.finance.yahoo.com/news/uk-watchdog-decides-not-investigate-130721976.html,0.35
https://sg.finance.yahoo.com/news/uks-cma-says-microsoft-mistral-111501809.html,-0.53
https://sg.finance.yahoo.com/news/undercover-operation-nets-arrests-mexicos-220608180.html,-0.55
https://sg.finance.yahoo.com/news/unlocking-q1-potential-advanced-micro-131524979.html,0.43
https://sg.finance.yahoo.com/news/us-futures-drift-higher-more-200303741.html,0.3
https://sg.finance.yahoo.com/news/us-investigating-waymo-autonomous-vehicles-100145190.html,0.2
https://sg.finance.yahoo.com/news/us-lawmakers-unveil-bill-easier-235813466.html,0.5
https://sg.finance.yahoo.com/news/us-opens-probe-alphabets-waymo-094506493.html,-0.3
https://sg.finance.yahoo.com/news/us-state-dept-broadens-security-193258035.html,0.2
https://sg.finance.yahoo.com/news/us-stock-futures-tread-water-200234296.html,0.35
https://sg.finance.yahoo.com/news/us-stocks-futures-dip-chip-112402760.html,0.05
https://sg.finance.yahoo.com/news/us-stocks-futures-edge-higher-100511719.html,0.45
https://sg.finance.yahoo.com/news/us-stocks-futures-fall-chip-100213856.html,0.23
https://sg.finance.yahoo.com/news/us-stocks-futures-falter-meta-113430515.html,-0.43
https://sg.finance.yahoo.com/news/us-stocks-futures-rise-ahead-114716531.html,0.57
https://sg.finance.yahoo.com/news/us-stocks-nasdaq-hits-record-210730496.html,0.45
https://sg.finance.yahoo.com/news/us-stocks-wall-st-drops-135939462.html,-0.5
https://sg.finance.yahoo.com/news/us-stocks-wall-st-gains-135400409.html,0.33
https://sg.finance.yahoo.com/news/us-stocks-wall-st-inches-141020225.html,0.43
https://sg.finance.yahoo.com/news/us-stocks-wall-st-mixed-164948311.html,0.41
https://sg.finance.yahoo.com/news/us-stocks-wall-st-mixed-182354442.html,0.3
https://sg.finance.yahoo.com/news/us-stocks-wall-st-set-124920859.html,0.13
https://sg.finance.yahoo.com/news/us-stocks-wall-st-set-130532125.html,-0.4
https://sg.finance.yahoo.com/news/us-stocks-wall-street-closes-201553254.html,0.43
https://sg.finance.yahoo.com/news/us-stocks-wall-street-shares-184226362.html,0.53
https://sg.finance.yahoo.com/news/utility-stocks-are-on-fire--here-are-wall-street-analysts-top-picks-153808020.html,0.83
https://sg.finance.yahoo.com/news/vipshop-vips-report-q1-earnings-163300644.html,0.35
https://sg.finance.yahoo.com/news/wall-street-bets-stellar-quarterly-090147942.html,0.8
https://sg.finance.yahoo.com/news/wall-street-bulls-look-optimistic-133010118.html,0.55
https://sg.finance.yahoo.com/news/wall-street-bulls-look-optimistic-133010423.html,0.45
https://sg.finance.yahoo.com/news/wall-street-bulls-look-optimistic-133010518.html,0.42
https://sg.finance.yahoo.com/news/wall-street-plunges-us-inflation-172824220.html,-0.53
https://sg.finance.yahoo.com/news/wallet-recovery-firms-buzz-locked-120525531.html,0.35
https://sg.finance.yahoo.com/news/walmart-firing-cylinders-includes-newer-144938114.html,0.73
https://sg.finance.yahoo.com/news/walmart-nabbing-target-tar-jay-203035404.html,0.67
https://sg.finance.yahoo.com/news/walmart-shuttering-health-units-including-telehealth-and-51-clinics-202051397.html,-0.5
https://sg.finance.yahoo.com/news/walmart-target-amazon-nvidia-part-083800980.html,0.37
https://sg.finance.yahoo.com/news/walmart-target-home-depot-amazon-102700792.html,0.43
https://sg.finance.yahoo.com/news/warren-buffett-pays-tribute-to-charlie-munger-on-a-tough-day-for-shareholders-162940889.html,0.63
https://sg.finance.yahoo.com/news/warren-buffett-top-favorite-stocks-125516289.html,0.7
https://sg.finance.yahoo.com/news/warren-buffetts-berkshire-confirms-apple-155449719.html,0.33
https://sg.finance.yahoo.com/news/warren-buffetts-best-tips-2024-000800005.html,0.83
https://sg.finance.yahoo.com/news/warren-buffetts-coca-cola-turns-170553750.html,0.73
https://sg.finance.yahoo.com/news/waymo-zoox-under-federal-investigation-193542639.html,-0.42
https://sg.finance.yahoo.com/news/weakness-advanced-micro-devices-inc-110014652.html,0.4
https://sg.finance.yahoo.com/news/web3-marketing-needs-apple-secret-142336677.html,0.53
https://sg.finance.yahoo.com/news/weeks-must-see-big-cap-145200906.html,0.73
https://sg.finance.yahoo.com/news/welcome-ai-dystopia-no-one-100003749.html,0.55
https://sg.finance.yahoo.com/news/whats-going-amd-stock-friday-165446005.html,0.73
https://sg.finance.yahoo.com/news/whats-offing-analog-devices-adi-160100371.html,0.35
https://sg.finance.yahoo.com/news/whats-store-4-technology-stocks-155100709.html,0.43
https://sg.finance.yahoo.com/news/whats-store-applied-materials-amat-153600841.html,0.27
https://sg.finance.yahoo.com/news/whole-foods-ceo-the-chain-is-investing-in-value-and-technology--with-help-from-amazon-220410941.html,0.3
https://sg.finance.yahoo.com/news/why-1-growth-stock-could-134508965.html,0.63
https://sg.finance.yahoo.com/news/why-i-have-hated-this-earnings-season--and-you-might-too-123026661.html,0.35
https://sg.finance.yahoo.com/news/why-nvidia-nvda-top-stock-133005249.html,0.73
https://sg.finance.yahoo.com/news/why-sell-may-instead-buy-120800113.html,0.71
https://sg.finance.yahoo.com/news/with-apple-entering-the-fight-the-ai-chip-wars-have-gone-nuclear-150546931.html,0.63
https://sg.finance.yahoo.com/news/wix-introduces-cutting-edge-ai-121200026.html,0.62
https://sg.finance.yahoo.com/news/workers-eyeing-exit-2024-linkedin-120000835.html,-0.53
https://sg.finance.yahoo.com/news/workers-heading-back-office-mondays-121843116.html,0.5
https://sg.finance.yahoo.com/news/youtube-block-hong-kong-protest-231007167.html,0.4
https://sg.finance.yahoo.com/news/zacks-analyst-blog-highlights-alphabet-091900209.html,0.4
https://sg.finance.yahoo.com/news/zacks-analyst-blog-highlights-alphabet-105800262.html,0.82
https://sg.finance.yahoo.com/news/zacks-analyst-blog-highlights-amazon-114300421.html,0.45
https://sg.finance.yahoo.com/news/zacks-analyst-blog-highlights-amgen-113600662.html,0.53
https://sg.finance.yahoo.com/news/zacks-analyst-blog-highlights-microsoft-111200430.html,0.41
https://sg.finance.yahoo.com/news/zacks-analyst-blog-highlights-pilgrims-101100924.html,0.5
https://sg.finance.yahoo.com/news/zacks-analyst-blog-highlights-stocks-104900671.html,0.42
https://sg.finance.yahoo.com/news/zacks-com-featured-highlights-amazon-104700364.html,0.67
https://sg.finance.yahoo.com/news/zacks-com-featured-highlights-bellring-093100279.html,0.52
https://sg.finance.yahoo.com/news/zacks-earnings-trends-highlights-tesla-093400139.html,0.83
https://sg.finance.yahoo.com/news/zacks-industry-outlook-highlights-apple-094500721.html,0.57
https://sg.finance.yahoo.com/news/zacks-investment-ideas-feature-highlights-084400213.html,0.72
https://sg.finance.yahoo.com/news/zacks-investment-ideas-feature-highlights-091400121.html,0.7
https://sg.finance.yahoo.com/news/zacks-investment-ideas-feature-highlights-092700935.html,0.73
https://sg.finance.yahoo.com/news/zacks-investment-ideas-feature-highlights-093200886.html,0.63
https://sg.finance.yahoo.com/news/zacks-investment-ideas-feature-highlights-095200168.html,0.75
https://sg.finance.yahoo.com/news/zacks-investment-ideas-feature-highlights-111600581.html,0.5
https://sg.finance.yahoo.com/news/zacks-investment-ideas-feature-highlights-121000408.html,0.8
https://sg.finance.yahoo.com/news/zacks-rank-explained-strong-buy-134004162.html,0.57
